{
  "XGBoost": {
    "MAE": {
      "mean": 5.519597420959474,
      "std": 0.5833943458130443,
      "ci_lower": 5.357888758531598,
      "ci_upper": 5.681306083387349
    },
    "RMSE": {
      "mean": 6.77505416061282,
      "std": 0.6423890751189396,
      "ci_lower": 6.596992993511531,
      "ci_upper": 6.953115327714109
    },
    "R2": {
      "mean": -0.09905057754658322,
      "std": 0.2540641619666795,
      "ci_lower": -0.16947357032556487,
      "ci_upper": -0.02862758476760159
    },
    "MAPE": {
      "mean": 0.07852478427398432,
      "std": 0.009363645194309319,
      "ci_lower": 0.0759293142446841,
      "ci_upper": 0.08112025430328454
    }
  },
  "LightGBM": {
    "MAE": {
      "mean": 5.4541069874563455,
      "std": 0.6029525582301001,
      "ci_lower": 5.2869770651343,
      "ci_upper": 5.621236909778391
    },
    "RMSE": {
      "mean": 6.733682653404978,
      "std": 0.6429645086137922,
      "ci_lower": 6.555461984276567,
      "ci_upper": 6.911903322533389
    },
    "R2": {
      "mean": -0.08594311511559193,
      "std": 0.2530527948823636,
      "ci_lower": -0.1560857712413268,
      "ci_upper": -0.015800458989857047
    },
    "MAPE": {
      "mean": 0.0775926963890912,
      "std": 0.009377277372696285,
      "ci_lower": 0.07499344771272533,
      "ci_upper": 0.08019194506545708
    }
  },
  "Random Forest": {
    "MAE": {
      "mean": 5.05484084735317,
      "std": 0.584068807336342,
      "ci_lower": 4.892945233729121,
      "ci_upper": 5.21673646097722
    },
    "RMSE": {
      "mean": 6.193963667107004,
      "std": 0.6380620004158842,
      "ci_lower": 6.017101903920887,
      "ci_upper": 6.370825430293122
    },
    "R2": {
      "mean": 0.09552815508238156,
      "std": 0.14028946959183305,
      "ci_lower": 0.05664189805362152,
      "ci_upper": 0.1344144121111416
    },
    "MAPE": {
      "mean": 0.07180095619981593,
      "std": 0.009201719734283388,
      "ci_lower": 0.0692503696181215,
      "ci_upper": 0.07435154278151035
    }
  },
  "GBR": {
    "MAE": {
      "mean": 5.569878409407395,
      "std": 0.6123608986550431,
      "ci_lower": 5.400140628170187,
      "ci_upper": 5.739616190644603
    },
    "RMSE": {
      "mean": 6.811222459229867,
      "std": 0.662684608230802,
      "ci_lower": 6.627535657364831,
      "ci_upper": 6.994909261094904
    },
    "R2": {
      "mean": -0.11771740149438939,
      "std": 0.2928875682569586,
      "ci_lower": -0.1989016934651648,
      "ci_upper": -0.036533109523613966
    },
    "MAPE": {
      "mean": 0.079026498829604,
      "std": 0.00951725976441842,
      "ci_lower": 0.07638844901385221,
      "ci_upper": 0.08166454864535579
    }
  },
  "SVR (RBF)": {
    "MAE": {
      "mean": 5.123762540414738,
      "std": 0.6508068412730622,
      "ci_lower": 4.943368087577681,
      "ci_upper": 5.304156993251795
    },
    "RMSE": {
      "mean": 6.410848345471874,
      "std": 0.7518653124275823,
      "ci_lower": 6.202441913576932,
      "ci_upper": 6.619254777366816
    },
    "R2": {
      "mean": 0.025904906294560277,
      "std": 0.19528840677084,
      "ci_lower": -0.028226278337632638,
      "ci_upper": 0.08003609092675319
    },
    "MAPE": {
      "mean": 0.07325197023670954,
      "std": 0.0103154550905656,
      "ci_lower": 0.07039267196444836,
      "ci_upper": 0.07611126850897072
    }
  },
  "Ridge": {
    "MAE": {
      "mean": 5.424945823329296,
      "std": 0.6009616828305278,
      "ci_lower": 5.2583677435135,
      "ci_upper": 5.5915239031450925
    },
    "RMSE": {
      "mean": 6.596035944764385,
      "std": 0.7262470500730696,
      "ci_lower": 6.394730532906414,
      "ci_upper": 6.797341356622355
    },
    "R2": {
      "mean": -0.034072378973483274,
      "std": 0.2306829049659079,
      "ci_lower": -0.09801441796432378,
      "ci_upper": 0.029869660017357226
    },
    "MAPE": {
      "mean": 0.07661971121981355,
      "std": 0.009092932167144768,
      "ci_lower": 0.07409927901328067,
      "ci_upper": 0.07914014342634643
    }
  },
  "ElasticNet": {
    "MAE": {
      "mean": 5.284332222664428,
      "std": 0.5856435073757025,
      "ci_lower": 5.122000124458521,
      "ci_upper": 5.446664320870336
    },
    "RMSE": {
      "mean": 6.39456648730484,
      "std": 0.683222001929857,
      "ci_lower": 6.205187010341624,
      "ci_upper": 6.5839459642680564
    },
    "R2": {
      "mean": 0.04244876863883557,
      "std": 0.09948820770268749,
      "ci_lower": 0.014872044403486488,
      "ci_upper": 0.07002549287418466
    },
    "MAPE": {
      "mean": 0.07489651124602414,
      "std": 0.009145219895359399,
      "ci_lower": 0.07236158562067145,
      "ci_upper": 0.07743143687137684
    }
  }
}